Date,Open,High,Low,Close,Adj Close**,Volume
18-Sep-19,"3,001.50","3,007.83","2,978.57","3,006.73","3,006.73","3,435,540,000"
19-Sep-19,"3,010.36","3,021.99","3,003.16","3,006.79","3,006.79","3,251,290,000"
20-Sep-19,"3,008.42","3,016.37","2,984.68","2,992.07","2,992.07","6,094,740,000"
23-Sep-19,"2,983.50","2,999.15","2,982.23","2,991.78","2,991.78","3,186,590,000"
24-Sep-19,"3,002.43","3,007.98","2,957.73","2,966.60","2,966.60","3,868,160,000"
25-Sep-19,"2,968.35","2,989.82","2,952.86","2,984.87","2,984.87","3,318,870,000"
26-Sep-19,"2,985.73","2,987.28","2,963.71","2,977.62","2,977.62","3,077,240,000"
27-Sep-19,"2,985.47","2,987.31","2,945.53","2,961.79","2,961.79","3,243,650,000"
30-Sep-19,"2,967.07","2,983.85","2,967.07","2,976.74","2,976.74","3,247,610,000"
1-Oct-19,"2,983.69","2,992.53","2,938.70","2,940.25","2,940.25","3,558,040,000"
2-Oct-19,"2,924.78","2,924.78","2,874.93","2,887.61","2,887.61","3,912,520,000"
3-Oct-19,"2,885.38","2,911.13","2,855.94","2,910.63","2,910.63","3,503,640,000"
4-Oct-19,"2,918.56","2,953.74","2,918.56","2,952.01","2,952.01","2,990,830,000"
7-Oct-19,"2,944.23","2,959.75","2,935.68","2,938.79","2,938.79","2,940,140,000"
8-Oct-19,"2,920.40","2,925.47","2,892.66","2,893.06","2,893.06","3,356,450,000"
9-Oct-19,"2,911.10","2,929.32","2,907.41","2,919.40","2,919.40","2,726,820,000"
10-Oct-19,"2,918.55","2,948.46","2,917.12","2,938.13","2,938.13","3,217,250,000"
11-Oct-19,"2,963.07","2,993.28","2,963.07","2,970.27","2,970.27","3,580,460,000"
14-Oct-19,"2,965.81","2,972.84","2,962.94","2,966.15","2,966.15","2,557,020,000"
15-Oct-19,"2,973.61","3,003.28","2,973.61","2,995.68","2,995.68","3,340,740,000"
16-Oct-19,"2,989.68","2,997.54","2,985.20","2,989.69","2,989.69","3,222,570,000"
17-Oct-19,"3,000.77","3,008.29","2,991.79","2,997.95","2,997.95","3,115,960,000"
18-Oct-19,"2,996.84","3,000.00","2,976.31","2,986.20","2,986.20","3,264,290,000"
21-Oct-19,"2,996.48","3,007.33","2,995.35","3,006.72","3,006.72","3,271,620,000"
22-Oct-19,"3,010.73","3,014.57","2,995.04","2,995.99","2,995.99","3,523,890,000"
23-Oct-19,"2,994.01","3,004.78","2,991.21","3,004.52","3,004.52","3,392,870,000"
24-Oct-19,"3,014.78","3,016.07","3,000.42","3,010.29","3,010.29","3,692,600,000"
25-Oct-19,"3,003.32","3,027.39","3,001.94","3,022.55","3,022.55","3,370,370,000"
28-Oct-19,"3,032.12","3,044.08","3,032.12","3,039.42","3,039.42","3,521,230,000"
29-Oct-19,"3,035.39","3,047.87","3,034.81","3,036.89","3,036.89","3,589,930,000"
30-Oct-19,"3,039.74","3,050.10","3,025.96","3,046.77","3,046.77","3,776,030,000"
31-Oct-19,"3,046.90","3,046.90","3,023.19","3,037.56","3,037.56","4,139,280,000"
1-Nov-19,"3,050.72","3,066.95","3,050.72","3,066.91","3,066.91","3,930,200,000"
4-Nov-19,"3,078.96","3,085.20","3,074.87","3,078.27","3,078.27","4,146,850,000"
5-Nov-19,"3,080.80","3,083.95","3,072.15","3,074.62","3,074.62","4,486,130,000"
6-Nov-19,"3,075.10","3,078.34","3,065.89","3,076.78","3,076.78","4,458,190,000"
7-Nov-19,"3,087.02","3,097.77","3,080.23","3,085.18","3,085.18","4,144,640,000"
8-Nov-19,"3,081.25","3,093.09","3,073.58","3,093.08","3,093.08","3,499,150,000"
11-Nov-19,"3,080.33","3,088.33","3,075.82","3,087.01","3,087.01","3,035,530,000"
12-Nov-19,"3,089.28","3,102.61","3,084.73","3,091.84","3,091.84","3,466,010,000"
13-Nov-19,"3,084.18","3,098.06","3,078.80","3,094.04","3,094.04","3,509,280,000"
14-Nov-19,"3,090.75","3,098.20","3,083.26","3,096.63","3,096.63","3,276,070,000"
15-Nov-19,"3,107.92","3,120.46","3,104.60","3,120.46","3,120.46","3,335,650,000"
18-Nov-19,"3,117.91","3,124.17","3,112.06","3,122.03","3,122.03","3,436,690,000"
19-Nov-19,"3,127.45","3,127.64","3,113.47","3,120.18","3,120.18","3,590,070,000"
20-Nov-19,"3,114.66","3,118.97","3,091.41","3,108.46","3,108.46","4,034,890,000"
21-Nov-19,"3,108.49","3,110.11","3,094.55","3,103.54","3,103.54","3,720,560,000"
22-Nov-19,"3,111.41","3,112.87","3,099.26","3,110.29","3,110.29","3,226,780,000"
25-Nov-19,"3,117.44","3,133.83","3,117.44","3,133.64","3,133.64","3,511,530,000"
26-Nov-19,"3,134.85","3,142.69","3,131.00","3,140.52","3,140.52","4,595,590,000"
27-Nov-19,"3,145.49","3,154.26","3,143.41","3,153.63","3,153.63","3,033,090,000"
29-Nov-19,"3,147.18","3,150.30","3,139.34","3,140.98","3,140.98","1,743,020,000"
2-Dec-19,"3,143.85","3,144.31","3,110.78","3,113.87","3,113.87","3,268,740,000"
3-Dec-19,"3,087.41","3,094.97","3,070.33","3,093.20","3,093.20","3,653,390,000"
4-Dec-19,"3,103.50","3,119.38","3,102.53","3,112.76","3,112.76","3,695,030,000"
5-Dec-19,"3,119.21","3,119.45","3,103.76","3,117.43","3,117.43","3,355,750,000"
6-Dec-19,"3,134.62","3,150.60","3,134.62","3,145.91","3,145.91","3,479,480,000"
9-Dec-19,"3,141.86","3,148.87","3,135.46","3,135.96","3,135.96","3,345,990,000"
10-Dec-19,"3,135.36","3,142.12","3,126.09","3,132.52","3,132.52","3,343,790,000"
11-Dec-19,"3,135.75","3,143.98","3,133.21","3,141.63","3,141.63","3,252,540,000"
12-Dec-19,"3,141.23","3,176.28","3,138.47","3,168.57","3,168.57","3,990,690,000"
13-Dec-19,"3,166.65","3,182.68","3,156.51","3,168.80","3,168.80","3,736,870,000"
16-Dec-19,"3,183.63","3,197.71","3,183.63","3,191.45","3,191.45","4,051,790,000"
17-Dec-19,"3,195.40","3,198.22","3,191.03","3,192.52","3,192.52","3,837,540,000"
18-Dec-19,"3,195.21","3,198.48","3,191.14","3,191.14","3,191.14","4,014,080,000"
19-Dec-19,"3,192.32","3,205.48","3,192.32","3,205.37","3,205.37","3,720,450,000"
20-Dec-19,"3,223.33","3,225.65","3,216.03","3,221.22","3,221.22","6,454,270,000"
23-Dec-19,"3,226.05","3,227.78","3,222.30","3,224.01","3,224.01","3,060,610,000"
24-Dec-19,"3,225.45","3,226.43","3,220.51","3,223.38","3,223.38","1,296,540,000"
26-Dec-19,"3,227.20","3,240.08","3,227.20","3,239.91","3,239.91","2,160,680,000"
27-Dec-19,"3,247.23","3,247.93","3,234.37","3,240.02","3,240.02","2,428,670,000"
30-Dec-19,"3,240.09","3,240.92","3,216.57","3,221.29","3,221.29","3,013,290,000"
31-Dec-19,"3,215.18","3,231.72","3,212.03","3,230.78","3,230.78","2,893,810,000"
2-Jan-20,"3,244.67","3,258.14","3,235.53","3,257.85","3,257.85","3,458,250,000"
3-Jan-20,"3,226.36","3,246.15","3,222.34","3,234.85","3,234.85","3,461,290,000"
6-Jan-20,"3,217.55","3,246.84","3,214.64","3,246.28","3,246.28","3,674,070,000"
7-Jan-20,"3,241.86","3,244.91","3,232.43","3,237.18","3,237.18","3,420,380,000"
8-Jan-20,"3,238.59","3,267.07","3,236.67","3,253.05","3,253.05","3,720,890,000"
9-Jan-20,"3,266.03","3,275.58","3,263.67","3,274.70","3,274.70","3,638,390,000"
10-Jan-20,"3,281.81","3,282.99","3,260.86","3,265.35","3,265.35","3,212,970,000"
13-Jan-20,"3,271.13","3,288.13","3,268.43","3,288.13","3,288.13","3,456,380,000"
14-Jan-20,"3,285.35","3,294.25","3,277.19","3,283.15","3,283.15","3,665,130,000"
15-Jan-20,"3,282.27","3,298.66","3,280.69","3,289.29","3,289.29","3,716,840,000"
16-Jan-20,"3,302.97","3,317.11","3,302.82","3,316.81","3,316.81","3,535,080,000"
17-Jan-20,"3,323.66","3,329.88","3,318.86","3,329.62","3,329.62","3,698,170,000"
21-Jan-20,"3,321.03","3,329.79","3,316.61","3,320.79","3,320.79","4,105,340,000"
22-Jan-20,"3,330.02","3,337.77","3,320.04","3,321.75","3,321.75","3,619,850,000"
23-Jan-20,"3,315.77","3,326.88","3,301.87","3,325.54","3,325.54","3,764,860,000"
24-Jan-20,"3,333.10","3,333.18","3,281.53","3,295.47","3,295.47","3,707,130,000"
27-Jan-20,"3,247.16","3,258.85","3,234.50","3,243.63","3,243.63","3,823,100,000"
28-Jan-20,"3,255.35","3,285.78","3,253.22","3,276.24","3,276.24","3,526,720,000"
29-Jan-20,"3,289.46","3,293.47","3,271.89","3,273.40","3,273.40","3,584,500,000"
30-Jan-20,"3,256.45","3,285.91","3,242.80","3,283.66","3,283.66","3,787,250,000"
31-Jan-20,"3,282.33","3,282.33","3,214.68","3,225.52","3,225.52","4,527,830,000"
3-Feb-20,"3,235.66","3,268.44","3,235.66","3,248.92","3,248.92","3,757,910,000"
4-Feb-20,"3,280.61","3,306.92","3,280.61","3,297.59","3,297.59","3,995,320,000"
5-Feb-20,"3,324.91","3,337.58","3,313.75","3,334.69","3,334.69","4,117,730,000"
6-Feb-20,"3,344.92","3,347.96","3,334.39","3,345.78","3,345.78","3,868,370,000"
7-Feb-20,"3,335.54","3,341.42","3,322.12","3,327.71","3,327.71","3,730,650,000"
10-Feb-20,"3,318.28","3,352.26","3,317.77","3,352.09","3,352.09","3,450,350,000"
11-Feb-20,"3,365.87","3,375.63","3,352.72","3,357.75","3,357.75","3,760,550,000"
12-Feb-20,"3,370.50","3,381.47","3,369.72","3,379.45","3,379.45","3,926,380,000"
13-Feb-20,"3,365.90","3,385.09","3,360.52","3,373.94","3,373.94","3,498,240,000"
14-Feb-20,"3,378.08","3,380.69","3,366.15","3,380.16","3,380.16","3,398,040,000"
18-Feb-20,"3,369.04","3,375.01","3,355.61","3,370.29","3,370.29","3,746,720,000"
19-Feb-20,"3,380.39","3,393.52","3,378.83","3,386.15","3,386.15","3,600,150,000"
20-Feb-20,"3,380.45","3,389.15","3,341.02","3,373.23","3,373.23","4,007,320,000"
21-Feb-20,"3,360.50","3,360.76","3,328.45","3,337.75","3,337.75","3,899,270,000"
24-Feb-20,"3,257.61","3,259.81","3,214.65","3,225.89","3,225.89","4,842,960,000"
25-Feb-20,"3,238.94","3,246.99","3,118.77","3,128.21","3,128.21","5,591,510,000"
26-Feb-20,"3,139.90","3,182.51","3,108.99","3,116.39","3,116.39","5,478,110,000"
27-Feb-20,"3,062.54","3,097.07","2,977.39","2,978.76","2,978.76","7,058,840,000"
28-Feb-20,"2,916.90","2,959.72","2,855.84","2,954.22","2,954.22","8,563,850,000"
2-Mar-20,"2,974.28","3,090.96","2,945.19","3,090.23","3,090.23","6,376,400,000"
3-Mar-20,"3,096.46","3,136.72","2,976.63","3,003.37","3,003.37","6,355,940,000"
4-Mar-20,"3,045.75","3,130.97","3,034.38","3,130.12","3,130.12","5,035,480,000"
5-Mar-20,"3,075.70","3,083.04","2,999.83","3,023.94","3,023.94","5,575,550,000"
6-Mar-20,"2,954.20","2,985.93","2,901.54","2,972.37","2,972.37","6,552,140,000"
9-Mar-20,"2,863.89","2,863.89","2,734.43","2,746.56","2,746.56","8,423,050,000"
10-Mar-20,"2,813.48","2,882.59","2,734.00","2,882.23","2,882.23","7,635,960,000"
11-Mar-20,"2,825.60","2,825.60","2,707.22","2,741.38","2,741.38","7,374,110,000"
12-Mar-20,"2,630.86","2,660.95","2,478.86","2,480.64","2,480.64","8,829,380,000"
13-Mar-20,"2,569.99","2,711.33","2,492.37","2,711.02","2,711.02","8,258,670,000"
16-Mar-20,"2,508.59","2,562.98","2,380.94","2,386.13","2,386.13","7,781,540,000"
17-Mar-20,"2,425.66","2,553.93","2,367.04","2,529.19","2,529.19","8,358,500,000"
18-Mar-20,"2,436.50","2,453.57","2,280.52","2,398.10","2,398.10","8,755,780,000"
19-Mar-20,"2,393.48","2,466.97","2,319.78","2,409.39","2,409.39","7,946,710,000"
20-Mar-20,"2,431.94","2,453.01","2,295.56","2,304.92","2,304.92","9,044,690,000"
23-Mar-20,"2,290.71","2,300.73","2,191.86","2,237.40","2,237.40","7,402,180,000"
24-Mar-20,"2,344.44","2,449.71","2,344.44","2,447.33","2,447.33","7,547,350,000"
25-Mar-20,"2,457.77","2,571.42","2,407.53","2,475.56","2,475.56","8,285,670,000"
26-Mar-20,"2,501.29","2,637.01","2,500.72","2,630.07","2,630.07","7,753,160,000"
27-Mar-20,"2,555.87","2,615.91","2,520.02","2,541.47","2,541.47","6,194,330,000"
30-Mar-20,"2,558.98","2,631.80","2,545.28","2,626.65","2,626.65","5,746,220,000"
31-Mar-20,"2,614.69","2,641.39","2,571.15","2,584.59","2,584.59","6,568,290,000"
1-Apr-20,"2,498.08","2,522.75","2,447.49","2,470.50","2,470.50","5,947,900,000"
2-Apr-20,"2,458.54","2,533.22","2,455.79","2,526.90","2,526.90","6,454,990,000"
3-Apr-20,"2,514.92","2,538.18","2,459.96","2,488.65","2,488.65","6,087,190,000"
6-Apr-20,"2,578.28","2,676.85","2,574.57","2,663.68","2,663.68","6,391,860,000"
7-Apr-20,"2,738.65","2,756.89","2,657.67","2,659.41","2,659.41","7,040,720,000"
8-Apr-20,"2,685.00","2,760.75","2,663.30","2,749.98","2,749.98","5,856,370,000"
9-Apr-20,"2,776.99","2,818.57","2,762.36","2,789.82","2,789.82","7,880,140,000"
13-Apr-20,"2,782.46","2,782.46","2,721.17","2,761.63","2,761.63","5,274,310,000"
14-Apr-20,"2,805.10","2,851.85","2,805.10","2,846.06","2,846.06","5,567,400,000"
15-Apr-20,"2,795.64","2,801.88","2,761.54","2,783.36","2,783.36","5,203,390,000"
16-Apr-20,"2,799.34","2,806.51","2,764.32","2,799.55","2,799.55","5,179,990,000"
17-Apr-20,"2,842.43","2,879.22","2,830.88","2,874.56","2,874.56","5,792,140,000"
20-Apr-20,"2,845.62","2,868.98","2,820.43","2,823.16","2,823.16","5,220,160,000"
21-Apr-20,"2,784.81","2,785.54","2,727.10","2,736.56","2,736.56","5,075,830,000"
22-Apr-20,"2,787.89","2,815.10","2,775.95","2,799.31","2,799.31","5,049,660,000"
23-Apr-20,"2,810.42","2,844.90","2,794.26","2,797.80","2,797.80","5,756,520,000"
24-Apr-20,"2,812.64","2,842.71","2,791.76","2,836.74","2,836.74","5,374,480,000"
27-Apr-20,"2,854.65","2,887.72","2,852.89","2,878.48","2,878.48","5,194,260,000"
28-Apr-20,"2,909.96","2,921.15","2,860.71","2,863.39","2,863.39","5,672,880,000"
29-Apr-20,"2,918.46","2,954.86","2,912.16","2,939.51","2,939.51","6,620,140,000"
30-Apr-20,"2,930.91","2,930.91","2,892.47","2,912.43","2,912.43","6,523,120,000"
1-May-20,"2,869.09","2,869.09","2,821.61","2,830.71","2,830.71","4,753,160,000"
4-May-20,"2,815.01","2,844.24","2,797.85","2,842.74","2,842.74","4,723,140,000"
5-May-20,"2,868.88","2,898.23","2,863.55","2,868.44","2,868.44","5,129,590,000"
6-May-20,"2,883.14","2,891.11","2,847.65","2,848.42","2,848.42","4,861,920,000"
7-May-20,"2,878.26","2,901.92","2,876.48","2,881.19","2,881.19","5,164,640,000"
8-May-20,"2,908.83","2,932.16","2,902.88","2,929.80","2,929.80","4,857,160,000"
11-May-20,"2,915.46","2,944.25","2,903.44","2,930.19","2,930.19","4,807,320,000"
12-May-20,"2,939.50","2,945.82","2,869.59","2,870.12","2,870.12","5,107,710,000"
13-May-20,"2,865.86","2,874.14","2,793.15","2,820.00","2,820.00","6,143,130,000"
14-May-20,"2,794.54","2,852.80","2,766.64","2,852.50","2,852.50","5,641,920,000"
15-May-20,"2,829.95","2,865.01","2,816.78","2,863.70","2,863.70","5,477,040,000"
18-May-20,"2,913.86","2,968.09","2,913.86","2,953.91","2,953.91","6,364,290,000"
19-May-20,"2,948.59","2,964.21","2,922.35","2,922.94","2,922.94","4,969,330,000"
20-May-20,"2,953.63","2,980.29","2,953.63","2,971.61","2,971.61","4,992,970,000"
21-May-20,"2,969.95","2,978.50","2,938.57","2,948.51","2,948.51","4,966,940,000"
22-May-20,"2,948.05","2,956.76","2,933.59","2,955.45","2,955.45","3,952,800,000"
26-May-20,"3,004.08","3,021.72","2,988.17","2,991.77","2,991.77","5,837,060,000"
27-May-20,"3,015.65","3,036.25","2,969.75","3,036.13","3,036.13","6,371,230,000"
28-May-20,"3,046.61","3,068.67","3,023.40","3,029.73","3,029.73","5,402,670,000"
29-May-20,"3,025.17","3,049.17","2,998.61","3,044.31","3,044.31","7,275,080,000"
1-Jun-20,"3,038.78","3,062.18","3,031.54","3,055.73","3,055.73","4,673,410,000"
2-Jun-20,"3,064.78","3,081.07","3,051.64","3,080.82","3,080.82","5,187,230,000"
3-Jun-20,"3,098.90","3,130.94","3,098.90","3,122.87","3,122.87","5,989,560,000"
4-Jun-20,"3,111.56","3,128.91","3,090.41","3,112.35","3,112.35","6,428,130,000"
5-Jun-20,"3,163.84","3,211.72","3,163.84","3,193.93","3,193.93","8,617,590,000"
8-Jun-20,"3,199.92","3,233.13","3,196.00","3,232.39","3,232.39","8,437,380,000"
9-Jun-20,"3,213.32","3,222.71","3,193.11","3,207.18","3,207.18","6,382,620,000"
10-Jun-20,"3,213.42","3,223.27","3,181.49","3,190.14","3,190.14","6,570,840,000"
11-Jun-20,"3,123.53","3,123.53","2,999.49","3,002.10","3,002.10","7,018,890,000"
12-Jun-20,"3,071.04","3,088.42","2,984.47","3,041.31","3,041.31","5,832,250,000"
15-Jun-20,"2,993.76","3,079.76","2,965.66","3,066.59","3,066.59","5,740,660,000"
16-Jun-20,"3,131.00","3,153.45","3,076.06","3,124.74","3,124.74","5,829,240,000"
17-Jun-20,"3,136.13","3,141.16","3,108.03","3,113.49","3,113.49","4,549,390,000"
18-Jun-20,"3,101.64","3,120.00","3,093.51","3,115.34","3,115.34","4,429,030,000"
19-Jun-20,"3,140.29","3,155.53","3,083.11","3,097.74","3,097.74","8,327,780,000"
22-Jun-20,"3,094.42","3,120.92","3,079.39","3,117.86","3,117.86","4,665,380,000"
23-Jun-20,"3,138.70","3,154.90","3,127.12","3,131.29","3,131.29","4,704,830,000"
24-Jun-20,"3,114.40","3,115.01","3,032.13","3,050.33","3,050.33","5,587,200,000"
25-Jun-20,"3,046.60","3,086.25","3,024.01","3,083.76","3,083.76","4,815,420,000"
26-Jun-20,"3,073.20","3,073.73","3,004.63","3,009.05","3,009.05","8,098,120,000"
29-Jun-20,"3,018.59","3,053.89","2,999.74","3,053.24","3,053.24","4,462,770,000"
30-Jun-20,"3,050.20","3,111.51","3,047.83","3,100.29","3,100.29","4,696,280,000"
1-Jul-20,"3,105.92","3,128.44","3,101.17","3,115.86","3,115.86","4,443,130,000"
2-Jul-20,"3,143.64","3,165.81","3,124.52","3,130.01","3,130.01","4,190,830,000"
6-Jul-20,"3,155.29","3,182.59","3,155.29","3,179.72","3,179.72","4,736,450,000"
7-Jul-20,"3,166.44","3,184.15","3,142.93","3,145.32","3,145.32","4,563,700,000"
8-Jul-20,"3,153.07","3,171.80","3,136.53","3,169.94","3,169.94","4,927,700,000"
9-Jul-20,"3,176.17","3,179.78","3,115.70","3,152.05","3,152.05","4,829,020,000"
10-Jul-20,"3,152.47","3,186.82","3,136.22","3,185.04","3,185.04","4,515,340,000"
13-Jul-20,"3,205.08","3,235.32","3,149.43","3,155.22","3,155.22","4,890,780,000"
14-Jul-20,"3,141.11","3,200.95","3,127.66","3,197.52","3,197.52","4,476,170,000"
15-Jul-20,"3,225.98","3,238.28","3,200.76","3,226.56","3,226.56","4,669,760,000"
16-Jul-20,"3,208.36","3,220.39","3,198.59","3,215.57","3,215.57","3,961,230,000"
17-Jul-20,"3,224.21","3,233.52","3,205.65","3,224.73","3,224.73","3,993,830,000"
20-Jul-20,"3,224.29","3,258.61","3,215.16","3,251.84","3,251.84","3,971,200,000"
21-Jul-20,"3,268.52","3,277.29","3,247.77","3,257.30","3,257.30","4,547,960,000"
22-Jul-20,"3,254.86","3,279.32","3,253.10","3,276.02","3,276.02","4,255,190,000"
23-Jul-20,"3,271.64","3,279.99","3,222.66","3,235.66","3,235.66","4,290,460,000"
24-Jul-20,"3,218.58","3,227.26","3,200.05","3,215.63","3,215.63","3,894,900,000"
27-Jul-20,"3,219.84","3,241.43","3,214.25","3,239.41","3,239.41","3,963,910,000"
28-Jul-20,"3,234.27","3,243.72","3,216.17","3,218.44","3,218.44","4,027,890,000"
29-Jul-20,"3,227.22","3,264.74","3,227.22","3,258.44","3,258.44","4,676,300,000"
30-Jul-20,"3,231.76","3,250.92","3,204.13","3,246.22","3,246.22","4,254,010,000"
31-Jul-20,"3,270.45","3,272.17","3,220.26","3,271.12","3,271.12","5,117,260,000"
3-Aug-20,"3,288.26","3,302.73","3,284.53","3,294.61","3,294.61","4,643,640,000"
4-Aug-20,"3,289.92","3,306.84","3,286.37","3,306.51","3,306.51","4,621,670,000"
5-Aug-20,"3,317.37","3,330.77","3,317.37","3,327.77","3,327.77","4,732,220,000"
6-Aug-20,"3,323.17","3,351.03","3,318.14","3,349.16","3,349.16","4,267,490,000"
7-Aug-20,"3,340.05","3,352.54","3,328.72","3,351.28","3,351.28","4,104,860,000"
10-Aug-20,"3,356.04","3,363.29","3,335.44","3,360.47","3,360.47","4,318,570,000"
11-Aug-20,"3,370.34","3,381.01","3,326.44","3,333.69","3,333.69","5,087,650,000"
12-Aug-20,"3,355.46","3,387.89","3,355.46","3,380.35","3,380.35","3,768,560,000"
13-Aug-20,"3,372.95","3,387.24","3,363.35","3,373.43","3,373.43","3,648,810,000"
14-Aug-20,"3,368.66","3,378.51","3,361.64","3,372.85","3,372.85","3,193,400,000"
17-Aug-20,"3,380.86","3,387.59","3,379.22","3,381.99","3,381.99","3,671,290,000"
18-Aug-20,"3,387.04","3,395.06","3,370.15","3,389.78","3,389.78","3,881,310,000"
19-Aug-20,"3,392.51","3,399.54","3,369.66","3,374.85","3,374.85","3,884,480,000"
20-Aug-20,"3,360.48","3,390.80","3,354.69","3,385.51","3,385.51","3,642,850,000"
21-Aug-20,"3,386.01","3,399.96","3,379.31","3,397.16","3,397.16","3,705,420,000"
24-Aug-20,"3,418.09","3,432.09","3,413.13","3,431.28","3,431.28","3,728,690,000"
25-Aug-20,"3,435.95","3,444.21","3,425.84","3,443.62","3,443.62","3,619,300,000"
26-Aug-20,"3,449.97","3,481.07","3,444.15","3,478.73","3,478.73","3,754,360,000"
27-Aug-20,"3,485.14","3,501.38","3,468.35","3,484.55","3,484.55","3,929,560,000"
28-Aug-20,"3,494.69","3,509.23","3,484.32","3,508.01","3,508.01","3,855,880,000"
31-Aug-20,"3,509.73","3,514.77","3,493.25","3,500.31","3,500.31","4,342,290,000"
1-Sep-20,"3,507.44","3,528.03","3,494.60","3,526.65","3,526.65","4,083,110,000"
2-Sep-20,"3,543.76","3,588.11","3,535.23","3,580.84","3,580.84","4,285,190,000"
3-Sep-20,"3,564.74","3,564.85","3,427.41","3,455.06","3,455.06","4,898,680,000"
4-Sep-20,"3,453.60","3,479.15","3,349.63","3,426.96","3,426.96","4,431,440,000"
8-Sep-20,"3,371.88","3,379.97","3,329.27","3,331.84","3,331.84","4,665,600,000"
9-Sep-20,"3,369.82","3,424.77","3,366.84","3,398.96","3,398.96","3,920,830,000"
10-Sep-20,"3,412.56","3,425.55","3,329.25","3,339.19","3,339.19","4,192,250,000"
11-Sep-20,"3,352.70","3,368.95","3,310.47","3,340.97","3,340.97","3,704,450,000"
14-Sep-20,"3,363.56","3,402.93","3,363.56","3,383.54","3,383.54","3,832,130,000"
15-Sep-20,"3,407.73","3,419.48","3,389.25","3,401.20","3,401.20","4,051,460,000"
16-Sep-20,"3,411.23","3,428.92","3,384.45","3,385.49","3,385.49","4,710,030,000"
17-Sep-20,"3,346.86","3,375.17","3,328.82","3,357.01","3,357.01","4,371,940,000"
18-Sep-20,"3,357.38","3,362.27","3,292.40","3,319.47","3,319.47","7,068,700,000"
21-Sep-20,"3,285.57","3,285.57","3,229.10","3,281.06","3,281.06","4,828,350,000"
22-Sep-20,"3,295.75","3,320.31","3,270.95","3,315.57","3,315.57","3,963,300,000"
23-Sep-20,"3,320.11","3,323.35","3,232.57","3,236.92","3,236.92","4,364,500,000"
24-Sep-20,"3,226.14","3,278.70","3,209.45","3,246.59","3,246.59","4,599,470,000"
25-Sep-20,"3,236.66","3,306.88","3,228.44","3,298.46","3,298.46","3,792,220,000"
28-Sep-20,"3,333.90","3,360.74","3,332.91","3,351.60","3,351.60","3,946,060,000"
29-Sep-20,"3,350.92","3,357.92","3,327.54","3,335.47","3,335.47","3,651,880,000"
30-Sep-20,"3,341.21","3,393.56","3,340.47","3,363.00","3,363.00","4,722,530,000"
1-Oct-20,"3,385.87","3,397.18","3,361.39","3,380.80","3,380.80","4,070,530,000"
2-Oct-20,"3,338.94","3,369.10","3,323.69","3,348.42","3,348.42","3,961,550,000"
5-Oct-20,"3,367.27","3,409.57","3,367.27","3,408.60","3,408.60","3,686,920,000"
6-Oct-20,"3,408.74","3,431.56","3,354.54","3,360.97","3,360.97","4,443,380,000"
7-Oct-20,"3,384.56","3,426.26","3,384.56","3,419.44","3,419.44","3,807,830,000"
8-Oct-20,"3,434.28","3,447.28","3,428.15","3,446.83","3,446.83","3,856,190,000"
9-Oct-20,"3,459.67","3,482.34","3,458.07","3,477.14","3,477.14","3,939,060,000"
12-Oct-20,"3,500.02","3,549.85","3,499.61","3,534.22","3,534.22","3,428,970,000"
13-Oct-20,"3,534.01","3,534.01","3,500.86","3,511.93","3,511.93","3,605,150,000"
14-Oct-20,"3,515.47","3,527.94","3,480.55","3,488.67","3,488.67","3,840,630,000"
15-Oct-20,"3,453.72","3,489.08","3,440.89","3,483.34","3,483.34","3,717,640,000"
16-Oct-20,"3,493.50","3,515.76","3,480.45","3,483.81","3,483.81","4,675,890,000"
19-Oct-20,"3,493.66","3,502.42","3,419.93","3,426.92","3,426.92","4,086,200,000"
20-Oct-20,"3,439.38","3,476.93","3,435.65","3,443.12","3,443.12","3,901,260,000"
21-Oct-20,"3,439.91","3,464.86","3,433.06","3,435.56","3,435.56","4,097,750,000"
22-Oct-20,"3,438.50","3,460.53","3,415.34","3,453.49","3,453.49","4,163,630,000"
23-Oct-20,"3,464.90","3,466.46","3,440.45","3,465.39","3,465.39","3,646,570,000"
26-Oct-20,"3,441.42","3,441.42","3,364.86","3,400.97","3,400.97","3,988,080,000"
27-Oct-20,"3,403.15","3,409.51","3,388.71","3,390.68","3,390.68","3,946,990,000"
28-Oct-20,"3,342.48","3,342.48","3,268.89","3,271.03","3,271.03","5,129,860,000"
29-Oct-20,"3,277.17","3,341.05","3,259.82","3,310.11","3,310.11","4,903,070,000"
30-Oct-20,"3,293.59","3,304.93","3,233.94","3,269.96","3,269.96","4,840,450,000"
2-Nov-20,"3,296.20","3,330.14","3,279.74","3,310.24","3,310.24","4,310,590,000"
3-Nov-20,"3,336.25","3,389.49","3,336.25","3,369.16","3,369.16","4,220,070,000"
4-Nov-20,"3,406.46","3,486.25","3,405.17","3,443.44","3,443.44","4,783,040,000"
5-Nov-20,"3,485.74","3,529.05","3,485.74","3,510.45","3,510.45","4,841,190,000"
6-Nov-20,"3,508.34","3,521.58","3,484.34","3,509.44","3,509.44","4,833,950,000"
9-Nov-20,"3,583.04","3,645.99","3,547.48","3,550.50","3,550.50","8,556,610,000"
10-Nov-20,"3,543.26","3,557.22","3,511.91","3,545.53","3,545.53","6,024,230,000"
11-Nov-20,"3,563.22","3,581.16","3,557.00","3,572.66","3,572.66","4,609,970,000"
12-Nov-20,"3,562.67","3,569.02","3,518.58","3,537.01","3,537.01","4,890,120,000"
13-Nov-20,"3,552.57","3,593.66","3,552.57","3,585.15","3,585.15","4,709,670,000"
16-Nov-20,"3,600.16","3,628.51","3,600.16","3,626.91","3,626.91","5,281,980,000"
17-Nov-20,"3,610.31","3,623.11","3,588.68","3,609.53","3,609.53","4,799,570,000"
18-Nov-20,"3,612.09","3,619.09","3,567.33","3,567.79","3,567.79","5,274,450,000"
19-Nov-20,"3,559.41","3,585.22","3,543.84","3,581.87","3,581.87","4,347,200,000"
20-Nov-20,"3,579.31","3,581.23","3,556.85","3,557.54","3,557.54","4,218,970,000"
23-Nov-20,"3,566.82","3,589.81","3,552.77","3,577.59","3,577.59","5,036,290,000"
24-Nov-20,"3,594.52","3,642.31","3,594.52","3,635.41","3,635.41","6,267,570,000"
25-Nov-20,"3,635.50","3,635.50","3,617.76","3,629.65","3,629.65","4,902,560,000"
27-Nov-20,"3,638.55","3,644.31","3,629.33","3,638.35","3,638.35","2,778,450,000"
30-Nov-20,"3,634.18","3,634.18","3,594.39","3,621.63","3,621.63","6,291,400,000"
1-Dec-20,"3,645.87","3,678.45","3,645.87","3,662.45","3,662.45","5,403,660,000"
2-Dec-20,"3,653.78","3,670.96","3,644.84","3,669.01","3,669.01","5,029,620,000"
3-Dec-20,"3,668.28","3,682.73","3,657.17","3,666.72","3,666.72","5,091,760,000"
4-Dec-20,"3,670.94","3,699.20","3,670.94","3,699.12","3,699.12","5,086,370,000"
7-Dec-20,"3,694.73","3,697.41","3,678.88","3,691.96","3,691.96","4,788,560,000"
8-Dec-20,"3,683.05","3,708.45","3,678.83","3,702.25","3,702.25","4,549,670,000"
9-Dec-20,"3,705.98","3,712.39","3,660.54","3,672.82","3,672.82","5,209,940,000"
10-Dec-20,"3,659.13","3,678.49","3,645.18","3,668.10","3,668.10","4,618,240,000"
11-Dec-20,"3,656.08","3,665.91","3,633.40","3,663.46","3,663.46","4,367,150,000"
14-Dec-20,"3,675.27","3,697.61","3,645.84","3,647.49","3,647.49","4,594,920,000"
15-Dec-20,"3,666.41","3,695.29","3,659.62","3,694.62","3,694.62","4,360,280,000"
16-Dec-20,"3,696.25","3,711.27","3,688.57","3,701.17","3,701.17","4,056,950,000"
17-Dec-20,"3,713.65","3,725.12","3,710.87","3,722.48","3,722.48","4,184,930,000"
18-Dec-20,"3,722.39","3,726.70","3,685.84","3,709.41","3,709.41","7,068,340,000"
21-Dec-20,"3,684.28","3,702.90","3,636.48","3,694.92","3,694.92","4,732,160,000"
22-Dec-20,"3,698.08","3,698.26","3,676.16","3,687.26","3,687.26","4,023,940,000"
23-Dec-20,"3,693.42","3,711.24","3,689.28","3,690.01","3,690.01","3,772,630,000"
24-Dec-20,"3,694.03","3,703.82","3,689.32","3,703.06","3,703.06","1,885,090,000"
28-Dec-20,"3,723.03","3,740.51","3,723.03","3,735.36","3,735.36","3,527,460,000"
29-Dec-20,"3,750.01","3,756.12","3,723.31","3,727.04","3,727.04","3,387,030,000"
30-Dec-20,"3,736.19","3,744.63","3,730.21","3,732.04","3,732.04","3,145,200,000"
31-Dec-20,"3,733.27","3,760.20","3,726.88","3,756.07","3,756.07","3,172,510,000"
4-Jan-21,"3,764.61","3,769.99","3,662.71","3,700.65","3,700.65","5,006,680,000"
5-Jan-21,"3,698.02","3,737.83","3,695.07","3,726.86","3,726.86","4,582,620,000"
6-Jan-21,"3,712.20","3,783.04","3,705.34","3,748.14","3,748.14","6,049,970,000"
7-Jan-21,"3,764.71","3,811.55","3,764.71","3,803.79","3,803.79","5,080,870,000"
8-Jan-21,"3,815.05","3,826.69","3,783.60","3,824.68","3,824.68","4,764,180,000"
11-Jan-21,"3,803.14","3,817.86","3,789.02","3,799.61","3,799.61","4,450,500,000"
12-Jan-21,"3,801.62","3,810.78","3,776.51","3,801.19","3,801.19","4,977,210,000"
13-Jan-21,"3,802.23","3,820.96","3,791.50","3,809.84","3,809.84","4,590,420,000"
14-Jan-21,"3,814.98","3,823.60","3,792.86","3,795.54","3,795.54","5,180,140,000"
15-Jan-21,"3,788.73","3,788.73","3,749.62","3,768.25","3,768.25","5,353,060,000"
19-Jan-21,"3,781.88","3,804.53","3,780.37","3,798.91","3,798.91","4,982,940,000"
20-Jan-21,"3,816.22","3,859.75","3,816.22","3,851.85","3,851.85","4,551,790,000"
21-Jan-21,"3,857.46","3,861.45","3,845.05","3,853.07","3,853.07","4,484,460,000"
22-Jan-21,"3,844.24","3,852.31","3,830.41","3,841.47","3,841.47","5,080,430,000"
25-Jan-21,"3,851.68","3,859.23","3,797.16","3,855.36","3,855.36","6,955,860,000"
26-Jan-21,"3,862.96","3,870.90","3,847.78","3,849.62","3,849.62","6,029,090,000"
27-Jan-21,"3,836.83","3,836.83","3,732.48","3,750.77","3,750.77","9,878,040,000"
28-Jan-21,"3,755.75","3,830.50","3,755.75","3,787.38","3,787.38","6,937,960,000"
29-Jan-21,"3,778.05","3,778.05","3,694.12","3,714.24","3,714.24","6,612,570,000"
1-Feb-21,"3,731.17","3,784.32","3,725.62","3,773.86","3,773.86","5,392,870,000"
2-Feb-21,"3,791.84","3,843.09","3,791.84","3,826.31","3,826.31","5,495,370,000"
3-Feb-21,"3,840.27","3,847.51","3,816.68","3,830.17","3,830.17","4,846,900,000"
4-Feb-21,"3,836.66","3,872.42","3,836.66","3,871.74","3,871.74","4,856,670,000"
5-Feb-21,"3,878.30","3,894.56","3,874.93","3,886.83","3,886.83","4,838,580,000"
8-Feb-21,"3,892.59","3,915.77","3,892.59","3,915.59","3,915.59","4,635,030,000"
9-Feb-21,"3,910.49","3,918.35","3,902.64","3,911.23","3,911.23","4,554,610,000"
10-Feb-21,"3,920.78","3,931.50","3,884.94","3,909.88","3,909.88","4,815,380,000"
11-Feb-21,"3,916.40","3,925.99","3,890.39","3,916.38","3,916.38","4,570,080,000"
12-Feb-21,"3,911.65","3,937.23","3,905.78","3,934.83","3,934.83","4,119,260,000"
16-Feb-21,"3,939.61","3,950.43","3,923.85","3,932.59","3,932.59","5,037,360,000"
17-Feb-21,"3,918.50","3,933.61","3,900.43","3,931.33","3,931.33","4,718,280,000"
18-Feb-21,"3,915.86","3,921.98","3,885.03","3,913.97","3,913.97","4,773,430,000"
19-Feb-21,"3,921.16","3,930.41","3,903.07","3,906.71","3,906.71","4,823,940,000"
22-Feb-21,"3,885.55","3,902.92","3,874.71","3,876.50","3,876.50","5,870,190,000"
23-Feb-21,"3,857.07","3,895.98","3,805.59","3,881.37","3,881.37","6,280,650,000"
24-Feb-21,"3,873.71","3,928.65","3,859.60","3,925.43","3,925.43","5,942,350,000"
25-Feb-21,"3,915.80","3,925.02","3,814.04","3,829.34","3,829.34","6,513,060,000"
26-Feb-21,"3,839.66","3,861.08","3,789.54","3,811.15","3,811.15","6,512,950,000"
1-Mar-21,"3,842.51","3,914.50","3,842.51","3,901.82","3,901.82","5,071,540,000"
2-Mar-21,"3,903.64","3,906.41","3,868.57","3,870.29","3,870.29","5,493,690,000"
3-Mar-21,"3,863.99","3,874.47","3,818.86","3,819.72","3,819.72","6,150,790,000"
4-Mar-21,"3,818.53","3,843.67","3,723.34","3,768.47","3,768.47","7,142,240,000"
5-Mar-21,"3,793.58","3,851.69","3,730.19","3,841.94","3,841.94","6,842,570,000"
8-Mar-21,"3,844.39","3,881.06","3,819.25","3,821.35","3,821.35","5,852,240,000"
9-Mar-21,"3,851.93","3,903.76","3,851.93","3,875.44","3,875.44","5,496,340,000"
10-Mar-21,"3,891.99","3,917.35","3,885.73","3,898.81","3,898.81","5,827,250,000"
11-Mar-21,"3,915.54","3,960.27","3,915.54","3,939.34","3,939.34","5,300,010,000"
12-Mar-21,"3,924.52","3,944.99","3,915.21","3,943.34","3,943.34","4,469,240,000"
15-Mar-21,"3,942.96","3,970.08","3,923.54","3,968.94","3,968.94","4,882,190,000"
16-Mar-21,"3,973.59","3,981.04","3,953.44","3,962.71","3,962.71","4,604,870,000"
17-Mar-21,"3,949.57","3,983.87","3,935.74","3,974.12","3,974.12","4,541,620,000"
18-Mar-21,"3,953.50","3,969.62","3,910.86","3,915.46","3,915.46","4,043,170,000"
19-Mar-21,"3,913.14","3,930.12","3,886.75","3,913.10","3,913.10","7,725,050,000"
22-Mar-21,"3,916.48","3,955.31","3,914.16","3,940.59","3,940.59","4,311,380,000"
23-Mar-21,"3,937.60","3,949.13","3,901.57","3,910.52","3,910.52","4,645,340,000"
24-Mar-21,"3,919.93","3,942.08","3,889.07","3,889.14","3,889.14","4,766,990,000"
25-Mar-21,"3,879.34","3,919.54","3,853.50","3,909.52","3,909.52","4,940,800,000"
26-Mar-21,"3,917.12","3,978.19","3,917.12","3,974.54","3,974.54","5,467,850,000"
29-Mar-21,"3,969.31","3,981.83","3,943.25","3,971.09","3,971.09","4,619,840,000"
30-Mar-21,"3,963.34","3,968.01","3,944.35","3,958.55","3,958.55","4,103,570,000"
31-Mar-21,"3,967.25","3,994.41","3,966.98","3,972.89","3,972.89","4,564,980,000"
1-Apr-21,"3,992.78","4,020.63","3,992.78","4,019.87","4,019.87","4,151,240,000"
5-Apr-21,"4,034.44","4,083.42","4,034.44","4,077.91","4,077.91","3,999,760,000"
6-Apr-21,"4,075.57","4,086.23","4,068.14","4,073.94","4,073.94","4,027,880,000"
7-Apr-21,"4,074.29","4,083.13","4,068.31","4,079.95","4,079.95","4,112,640,000"
8-Apr-21,"4,089.95","4,098.19","4,082.54","4,097.17","4,097.17","3,901,910,000"
9-Apr-21,"4,096.11","4,129.48","4,095.51","4,128.80","4,128.80","3,634,910,000"
12-Apr-21,"4,124.71","4,131.76","4,114.82","4,127.99","4,127.99","3,578,500,000"
13-Apr-21,"4,130.10","4,148.00","4,124.43","4,141.59","4,141.59","3,728,440,000"
14-Apr-21,"4,141.58","4,151.69","4,120.87","4,124.66","4,124.66","3,976,540,000"
15-Apr-21,"4,139.76","4,173.49","4,139.76","4,170.42","4,170.42","4,027,680,000"
16-Apr-21,"4,174.14","4,191.31","4,170.75","4,185.47","4,185.47","4,157,430,000"
19-Apr-21,"4,179.80","4,180.81","4,150.47","4,163.26","4,163.26","3,788,020,000"
20-Apr-21,"4,159.18","4,159.18","4,118.38","4,134.94","4,134.94","4,338,230,000"
21-Apr-21,"4,128.42","4,175.02","4,126.35","4,173.42","4,173.42","3,865,820,000"
22-Apr-21,"4,170.46","4,179.57","4,123.69","4,134.98","4,134.98","4,235,040,000"
23-Apr-21,"4,138.78","4,194.17","4,138.78","4,180.17","4,180.17","3,568,080,000"
26-Apr-21,"4,185.03","4,194.19","4,182.36","4,187.62","4,187.62","3,738,920,000"
27-Apr-21,"4,188.25","4,193.35","4,176.22","4,186.72","4,186.72","3,703,240,000"
28-Apr-21,"4,185.14","4,201.53","4,181.78","4,183.18","4,183.18","3,772,390,000"
29-Apr-21,"4,206.14","4,218.78","4,176.81","4,211.47","4,211.47","4,288,940,000"
30-Apr-21,"4,198.10","4,198.10","4,174.85","4,181.17","4,181.17","4,273,680,000"
3-May-21,"4,191.98","4,209.39","4,188.03","4,192.66","4,192.66","4,061,170,000"
4-May-21,"4,179.04","4,179.04","4,128.59","4,164.66","4,164.66","4,441,080,000"
5-May-21,"4,177.06","4,187.72","4,160.94","4,167.59","4,167.59","4,029,050,000"
6-May-21,"4,169.14","4,202.70","4,147.33","4,201.62","4,201.62","4,504,860,000"
7-May-21,"4,210.34","4,238.04","4,201.64","4,232.60","4,232.60","4,013,060,000"
10-May-21,"4,228.29","4,236.39","4,188.13","4,188.43","4,188.43","3,678,970,000"
11-May-21,"4,150.34","4,162.04","4,111.53","4,152.10","4,152.10","3,593,110,000"
12-May-21,"4,130.55","4,134.73","4,056.88","4,063.04","4,063.04","3,735,080,000"
13-May-21,"4,074.99","4,131.58","4,074.99","4,112.50","4,112.50","3,687,780,000"
14-May-21,"4,129.58","4,183.13","4,129.58","4,173.85","4,173.85","3,251,920,000"
17-May-21,"4,169.92","4,171.92","4,142.69","4,163.29","4,163.29","3,307,130,000"
18-May-21,"4,165.94","4,169.15","4,125.99","4,127.83","4,127.83","3,559,790,000"
19-May-21,"4,098.45","4,116.93","4,061.41","4,115.68","4,115.68","3,485,550,000"
20-May-21,"4,121.97","4,172.80","4,121.97","4,159.12","4,159.12","3,019,060,000"
21-May-21,"4,168.61","4,188.72","4,151.72","4,155.86","4,155.86","3,344,620,000"
24-May-21,"4,170.16","4,209.52","4,170.16","4,197.05","4,197.05","2,947,400,000"
25-May-21,"4,205.94","4,213.42","4,182.52","4,188.13","4,188.13","3,420,870,000"
26-May-21,"4,191.59","4,202.61","4,184.11","4,195.99","4,195.99","3,674,490,000"
27-May-21,"4,201.94","4,213.38","4,197.78","4,200.88","4,200.88","5,201,110,000"
28-May-21,"4,210.77","4,218.36","4,203.57","4,204.11","4,204.11","4,199,270,000"
1-Jun-21,"4,216.52","4,234.12","4,197.59","4,202.04","4,202.04","4,122,960,000"
2-Jun-21,"4,206.82","4,217.37","4,198.27","4,208.12","4,208.12","4,860,930,000"
3-Jun-21,"4,191.43","4,204.39","4,167.93","4,192.85","4,192.85","4,579,450,000"
4-Jun-21,"4,206.05","4,233.45","4,206.05","4,229.89","4,229.89","3,487,070,000"
7-Jun-21,"4,229.34","4,232.34","4,215.66","4,226.52","4,226.52","3,835,570,000"
8-Jun-21,"4,233.81","4,236.74","4,208.41","4,227.26","4,227.26","3,943,870,000"
9-Jun-21,"4,232.99","4,237.09","4,218.74","4,219.55","4,219.55","3,902,870,000"
10-Jun-21,"4,228.56","4,249.74","4,220.34","4,239.18","4,239.18","3,502,480,000"
11-Jun-21,"4,242.90","4,248.38","4,232.25","4,247.44","4,247.44","3,204,280,000"
14-Jun-21,"4,248.31","4,255.59","4,234.07","4,255.15","4,255.15","3,612,050,000"
15-Jun-21,"4,255.28","4,257.16","4,238.35","4,246.59","4,246.59","3,578,450,000"
16-Jun-21,"4,248.87","4,251.89","4,202.45","4,223.70","4,223.70","3,722,050,000"
17-Jun-21,"4,220.37","4,232.29","4,196.05","4,221.86","4,221.86","3,952,110,000"
18-Jun-21,"4,204.78","4,204.78","4,164.40","4,166.45","4,166.45","6,084,980,000"
21-Jun-21,"4,173.40","4,226.24","4,173.40","4,224.79","4,224.79","3,391,740,000"
22-Jun-21,"4,224.61","4,255.84","4,217.27","4,246.44","4,246.44","3,208,760,000"
23-Jun-21,"4,249.27","4,256.60","4,241.43","4,241.84","4,241.84","3,172,440,000"
24-Jun-21,"4,256.97","4,271.28","4,256.97","4,266.49","4,266.49","3,141,680,000"
25-Jun-21,"4,274.45","4,286.12","4,271.16","4,280.70","4,280.70","6,248,390,000"
28-Jun-21,"4,284.90","4,292.14","4,274.67","4,290.61","4,290.61","3,415,610,000"
29-Jun-21,"4,293.21","4,300.52","4,287.04","4,291.80","4,291.80","3,049,560,000"
30-Jun-21,"4,290.65","4,302.43","4,287.96","4,297.50","4,297.50","3,687,880,000"
1-Jul-21,"4,300.73","4,320.66","4,300.73","4,319.94","4,319.94","3,077,580,000"
2-Jul-21,"4,326.60","4,355.43","4,326.60","4,352.34","4,352.34","2,628,550,000"
6-Jul-21,"4,356.46","4,356.46","4,314.37","4,343.54","4,343.54","3,437,900,000"
7-Jul-21,"4,351.01","4,361.88","4,329.79","4,358.13","4,358.13","3,243,900,000"
8-Jul-21,"4,321.07","4,330.88","4,289.37","4,320.82","4,320.82","3,393,780,000"
9-Jul-21,"4,329.38","4,371.60","4,329.38","4,369.55","4,369.55","2,738,280,000"
12-Jul-21,"4,372.41","4,386.68","4,364.03","4,384.63","4,384.63","2,983,980,000"
13-Jul-21,"4,381.07","4,392.37","4,366.92","4,369.21","4,369.21","3,166,900,000"
14-Jul-21,"4,380.11","4,393.68","4,362.36","4,374.30","4,374.30","3,213,870,000"
15-Jul-21,"4,369.02","4,369.02","4,340.70","4,360.03","4,360.03","3,226,930,000"
16-Jul-21,"4,367.43","4,375.09","4,322.53","4,327.16","4,327.16","3,165,160,000"
19-Jul-21,"4,296.40","4,296.40","4,233.13","4,258.49","4,258.49","4,155,790,000"
20-Jul-21,"4,265.11","4,336.84","4,262.05","4,323.06","4,323.06","3,634,190,000"
21-Jul-21,"4,331.13","4,359.70","4,331.13","4,358.69","4,358.69","3,078,550,000"
22-Jul-21,"4,361.27","4,369.87","4,350.06","4,367.48","4,367.48","2,907,910,000"
23-Jul-21,"4,381.20","4,415.18","4,381.20","4,411.79","4,411.79","3,490,730,000"
26-Jul-21,"4,409.58","4,422.73","4,405.45","4,422.30","4,422.30","2,679,110,000"
27-Jul-21,"4,416.38","4,416.38","4,372.51","4,401.46","4,401.46","3,381,080,000"
28-Jul-21,"4,402.95","4,415.47","4,387.01","4,400.64","4,400.64","3,215,130,000"
29-Jul-21,"4,403.59","4,429.97","4,403.59","4,419.15","4,419.15","2,815,510,000"
30-Jul-21,"4,395.12","4,412.25","4,389.65","4,395.26","4,395.26","2,861,600,000"
2-Aug-21,"4,406.86","4,422.18","4,384.81","4,387.16","4,387.16","2,919,940,000"
3-Aug-21,"4,392.74","4,423.79","4,373.00","4,423.15","4,423.15","3,305,340,000"
4-Aug-21,"4,415.95","4,416.17","4,400.23","4,402.66","4,402.66","3,382,620,000"
